{"T":[1000000.0,999990.0,999991.0,999994.0,999995.0,999996.0,999997.0,999997.0,999998.0,999998.0,999997.0,999997.0,999997.0,999998.0,999998.0,999999.0,999999.0,1000000.0,1000002.0,1000004.0,1000004.0,1000004.0,1000002.0,1000001.0,1000002.0,1000004.0,1000003.0,1000004.0,1000003.0,999999.0,999998.0,999998.0,999997.0,999995.0,999993.0,999994.0,999995.0,999996.0,999998.0,999998.0,999996.0,999994.0,999991.0,999987.0,999987.0,999983.0,999982.0,999983.0,999977.0,999976.0,999978.0,999973.0,999972.0,999974.0,999975.0,999965.0,999964.0,999964.0,999960.0,999956.0,999958.0,999957.0,999952.0,999951.0,999945.0,999939.0,999936.0,999929.0,999923.0,999921.0,999917.0,999910.0,999903.0,999896.0,999892.0,999887.0,999875.0,999869.0,999865.0,999855.0,999846.0,999839.0,999829.0,999825.0,999815.0,999808.0,999798.0,999792.0,999780.0,999764.0,999748.0,999739.0,999729.0,999713.0,999706.0,999692.0,999681.0,999665.0,999655.0,999633.0],"t":[0.0,0.00101010101010101,0.00202020202020202,0.0030303030303030303,0.00404040404040404,0.00505050505050505,0.006060606060606061,0.007070707070707071,0.00808080808080808,0.00909090909090909,0.0101010101010101,0.011111111111111112,0.012121212121212121,0.013131313131313131,0.014141414141414142,0.015151515151515152,0.01616161616161616,0.01717171717171717,0.01818181818181818,0.01919191919191919,0.0202020202020202,0.021212121212121213,0.022222222222222223,0.023232323232323233,0.024242424242424242,0.025252525252525252,0.026262626262626262,0.02727272727272727,0.028282828282828285,0.029292929292929294,0.030303030303030304,0.031313131313131314,0.03232323232323232,0.03333333333333333,0.03434343434343434,0.03535353535353535,0.03636363636363636,0.03737373737373737,0.03838383838383838,0.03939393939393939,0.0404040404040404,0.04141414141414142,0.04242424242424243,0.043434343434343436,0.044444444444444446,0.045454545454545456,0.046464646464646465,0.047474747474747475,0.048484848484848485,0.049494949494949494,0.050505050505050504,0.051515151515151514,0.052525252525252523,0.05353535353535353,0.05454545454545454,0.05555555555555555,0.05656565656565657,0.05757575757575758,0.05858585858585859,0.0595959595959596,0.06060606060606061,0.06161616161616162,0.06262626262626263,0.06363636363636363,0.06464646464646465,0.06565656565656566,0.06666666666666667,0.06767676767676768,0.06868686868686869,0.0696969696969697,0.0707070707070707,0.07171717171717172,0.07272727272727272,0.07373737373737374,0.07474747474747474,0.07575757575757576,0.07676767676767676,0.07777777777777778,0.07878787878787878,0.0797979797979798,0.0808080808080808,0.08181818181818182,0.08282828282828283,0.08383838383838384,0.08484848484848485,0.08585858585858586,0.08686868686868687,0.08787878787878788,0.08888888888888889,0.0898989898989899,0.09090909090909091,0.09191919191919191,0.09292929292929293,0.09393939393939393,0.09494949494949495,0.09595959595959595,0.09696969696969697,0.09797979797979799,0.09898989898989899,0.1],"V":[[10.0,0.0,0.0,0.0,0.0,0.0,0.0,0.0,0.0,0.0,0.0,0.0,0.0,0.0,0.0,0.0,0.0,0.0,0.0,0.0,0.0,0.0,0.0,0.0,0.0,1.0,0.0,0.0,0.0,0.0,0.0,0.0,1.0,0.0,1.0,0.0,0.0,0.0,1.0,0.0,0.0,0.0,1.0,1.0,0.0,0.0,0.0,0.0,0.0,0.0,0.0,0.0,0.0,0.0,1.0,0.0,0.0,1.0,0.0,0.0,0.0,0.0,1.0,0.0,0.0,0.0,0.0,0.0,1.0,0.0,1.0,0.0,0.0,1.0,0.0,1.0,1.0,0.0,1.0,1.0,0.0,1.0,0.0,1.0,0.0,2.0,0.0,1.0,1.0,0.0,1.0,0.0,0.0,0.0,1.0,1.0,1.0,1.0,3.0,0.0],[0.0,10.0,10.0,10.0,10.0,10.0,11.0,11.0,11.0,12.0,13.0,13.0,14.0,14.0,14.0,15.0,16.0,16.0,16.0,17.0,17.0,18.0,20.0,21.0,21.0,20.0,22.0,23.0,23.0,27.0,28.0,29.0,31.0,33.0,33.0,34.0,35.0,34.0,33.0,35.0,37.0,40.0,43.0,47.0,49.0,52.0,53.0,55.0,60.0,63.0,64.0,69.0,69.0,69.0,69.0,78.0,77.0,77.0,77.0,81.0,80.0,83.0,84.0,85.0,91.0,97.0,101.0,107.0,112.0,113.0,115.0,118.0,125.0,132.0,136.0,142.0,154.0,160.0,162.0,170.0,177.0,181.0,188.0,193.0,199.0,205.0,215.0,221.0,232.0,247.0,261.0,271.0,279.0,290.0,295.0,304.0,314.0,325.0,334.0,351.0],[0.0,0.0,0.0,0.0,0.0,0.0,0.0,0.0,0.0,0.0,0.0,0.0,0.0,0.0,0.0,0.0,0.0,0.0,0.0,0.0,0.0,0.0,0.0,0.0,0.0,0.0,0.0,0.0,0.0,0.0,0.0,0.0,0.0,0.0,1.0,1.0,1.0,1.0,1.0,1.0,2.0,3.0,3.0,3.0,3.0,5.0,5.0,5.0,6.0,6.0,6.0,6.0,6.0,6.0,6.0,7.0,7.0,7.0,9.0,9.0,9.0,9.0,10.0,10.0,10.0,11.0,12.0,12.0,12.0,12.0,12.0,13.0,13.0,14.0,15.0,15.0,15.0,15.0,15.0,17.0,18.0,19.0,19.0,20.0,21.0,21.0,21.0,21.0,21.0,22.0,23.0,24.0,24.0,24.0,25.0,29.0,29.0,31.0,32.0,35.0]],"sim":{"populationEndConditions":[],"postSimConditions":[],"stepper":"Built-in graph stepper.","lineageEndConditions":[],"leafCountEndConditions":[],"seed":-1,"model":{"reactions":["Death: V[1] -> 0 (10.0)","Death: V[2] -> 0 (0.01)","Death: V[0] -> 0 (0.1)","CellBirth: 0 -> T (1000.0)","InfectLatent: V[0] + T -> V[2] (0.001)","InfectActive: V[0] + T -> V[1] (0.01)","Reactivate: V[2] -> V[1] (0.01)","VirionProduction: V[1] -> V[0] + V[1] (50.0)"],"population_types":[{"name":"V","dimensions":[3]},{"name":"T","dimensions":[]}]},"nSamples":100,"simulationTime":0.1}}
